{
  "MGB-BEN-00007": 0.6513548646660542,
  "MGB-BEN-00017": 0.682573734412324,
  "MGB-BEN-00018": 0.6636689470737326,
  "MGB-BEN-00029": 0.658417500561683,
  "MGB-BEN-00032": 0.6513548646660542,
  "MGB-BEN-00041": 0.8244619263765707,
  "MGB-BEN-00050": 0.9124361604769414,
  "MGB-BEN-00054": 0.7892336936802291,
  "MGB-BEN-00057": 0.7839884653055251,
  "MGB-BEN-00066": 0.48828339529583464,
  "MGB-BEN-00069": 0.8187367931713698,
  "MGB-BEN-00070": 0.665410558746814,
  "MGB-BEN-00071": 0.6943026711575786,
  "MGB-BEN-00085": 0.682573734412324,
  "MGB-BEN-00090": 0.8723473746782093,
  "MGB-BEN-00096": 0.9456006819553416,
  "MGB-BEN-00121": 0.8128673178375735,
  "MGB-BEN-00126": 0.8539127529517043,
  "MGB-BEN-00135": 0.6424324776295582,
  "MGB-BEN-00141": 0.8459424373085146,
  "MGB-BEN-00144": 0.8661325122464822,
  "MGB-BEN-00155": 0.6619228758499942,
  "MGB-BEN-00164": 0.7090191337850932,
  "MGB-BEN-00174": 0.786622824583395,
  "MGB-BEN-00177": 0.43014734858584286,
  "MGB-BEN-00179": 0.7416740114308128,
  "MGB-BEN-00186": 0.4397473463667375,
  "MGB-BEN-00187": 0.6842640244786128,
  "MGB-BEN-00192": 0.9066531214804244,
  "MGB-BEN-00196": 0.8624675338981391,
  "MGB-BEN-00198": 0.7106283025898368,
  "MGB-BEN-00200": 0.8918110454379297,
  "MGB-BEN-00217": 0.8824278664544911,
  "MGB-BEN-00218": 0.6859494550081925,
  "MGB-BEN-00220": 0.8376199633332891,
  "MGB-BEN-00239": 0.9241418199787566,
  "MGB-BEN-00243": 0.8548846370796298,
  "MGB-BEN-00249": 0.8175744761936437,
  "MGB-BEN-00251": 0.8899121189857752,
  "MGB-BEN-00255": 0.7969253718105298,
  "MGB-BEN-00261": 0.8740772351648677,
  "MGB-BEN-00264": 0.8688267762381844,
  "MGB-BEN-00265": 0.6671476749870737,
  "MGB-BEN-00269": 0.4746311777449677,
  "MGB-BEN-00282": 0.8587185839992991,
  "MGB-BEN-00284": 0.4921881357207956,
  "MGB-BEN-00289": 0.6132365536207203,
  "MGB-BEN-00312": 0.9299510391228232,
  "MGB-BEN-00317": 0.658417500561683,
  "MGB-BEN-00324": 0.7217432062975979,
  "MGB-BEN-00343": 0.6926419831347361,
  "MGB-BEN-00346": 0.672331699179286,
  "MGB-BEN-00350": 0.7648916107800069,
  "MGB-BEN-00352": 0.9441768588653856,
  "MGB-BEN-00365": 0.7416740114308128,
  "MGB-BEN-00368": 0.9381240142763573,
  "MGB-BEN-00370": 0.5851011542032312,
  "MGB-BEN-00372": 0.3979384110732902,
  "MGB-UD-00003": 0.8187367931713698,
  "MGB-UD-00012": 0.7799929002541067,
  "MGB-UD-00016": 0.8740772351648677,
  "MGB-UD-00018": 0.8774767874818407,
  "MGB-FL-00028": 0.9001793324323768,
  "MGB-FRD-00004": 0.4397473463667375,
  "MGB-FRD-00006": 0.9367494780065266,
  "MGB-ATR-00001": 0.746138993030751,
  "MGB-ATR-00009": 0.8386797622482537,
  "MGB-PRV-00005": 0.9324533088603709,
  "MGB-UD-00020": 0.5602526536332625,
  "MGB-UD-00024": 0.8031737963569016,
  "MGB-UD-00029": 0.8376199633332891,
  "MGB-UD-00035": 0.583203356837953,
  "MGB-FRD-00010": 0.7490872131147275,
  "MGB-DIS-00006": 0.8175744761936437,
  "MGB-FL-00051": 0.9227612136829397,
  "MGB-DIS-00009": 0.8175744761936437,
  "MGB-FL-00058": 0.6370307944803831,
  "MGB-FL-00059": 0.9164093322460585,
  "MGB-FL-00062": 0.5331544046668082,
  "MGB-FL-00067": 0.8828325306746402,
  "MGB-FL-00071": 0.7799929002541067,
  "MGB-FL-00074": 0.7962924693012908,
  "MGB-FL-00080": 0.8661325122464822,
  "MGB-DIS-00017": 0.9124361604769414,
  "MGB-FL-00085": 0.7386690743254897,
  "MGB-UD-00038": 0.8879840490799963,
  "MGB-FL-00094": 0.7490872131147275,
  "MGB-FL-00102": 0.6297746074044134,
  "MGB-ATR-00029": 0.4980468849340468,
  "MGB-FL-00110": 0.79182107094258,
  "MGB-FL-00112": 0.9453993942183476,
  "MGB-DIS-00019": 0.904313056994317,
  "MGB-DIS-00021": 0.8474634859343486,
  "MGB-DIS-00024": 0.6926419831347361,
  "MGB-DIS-00026": 0.7563575624625937,
  "MGB-DIS-00028": 0.8577681049901036,
  "MGB-FL-00126": 0.9322068610768112,
  "MGB-DIS-00031": 0.8774767874818407,
  "MGB-PRV-00011": 0.9706877692486436,
  "MGB-FRD-00030": 0.5717666019337796,
  "MGB-DIS-00043": 0.7956581000631541,
  "MGB-FRD-00032": 0.4921881357207956,
  "MGB-FRD-00033": 0.870597268408361,
  "MGB-FL-00139": 0.7826624789529376,
  "MGB-FL-00140": 0.8221891305219503,
  "MGB-FRD-00040": 0.8824278664544911,
  "MGB-UD-00043": 0.9213576188158985,
  "MGB-DIS-00051": 0.8187367931713698,
  "MGB-FRD-00041": 0.7655933542181188,
  "MGB-FRD-00046": 0.7981867777396212,
  "MGB-FL-00148": 0.8104789086703224,
  "MGB-UD-00051": 0.7931059511841119,
  "MGB-UD-00055": 0.5621765008857981,
  "MGB-UD-00056": 0.8852352197343663,
  "MGB-FL-00161": 0.8624675338981391,
  "MGB-FL-00170": 0.922202551391991,
  "MGB-FRD-00048": 0.8799743722456386,
  "MGB-FRD-00051": 0.7074047009882609,
  "MGB-FL-00177": 0.7090191337850932,
  "MGB-FL-00179": 0.929183798137365,
  "MGB-FL-00185": 0.9202179865359069,
  "MGB-FL-00186": 0.8428631465294143,
  "MGB-UD-00063": 0.9403530570548787,
  "MGB-UD-00064": 0.7772998611746911,
  "MGB-DIS-00065": 0.8198933359135361,
  "MGB-FL-00189": 0.8577681049901036,
  "MGB-FRD-00062": 0.6774740169356273,
  "MGB-FL-00195": 0.6636689470737326,
  "MGB-FRD-00065": 0.8278281530486042,
  "MGB-FRD-00068": 0.7718434978390747,
  "MGB-UD-00082": 0.8438951025545426,
  "MGB-ATR-00047": 0.734119526900183,
  "MGB-ATR-00049": 0.6842640244786128,
  "MGB-PRV-00013": 0.9694401371418673,
  "MGB-FRD-00089": 0.8710367007098975,
  "MGB-FRD-00095": 0.8539127529517043,
  "MGB-FRD-00097": 0.9505947548144925,
  "MGB-FRD-00098": 0.9099070060380482,
  "MGB-FRD-00099": 0.7185943925708561,
  "MGB-BEN-00374": 0.7401743620390163,
  "MGB-BEN-00411": 0.8110781922144276,
  "MGB-BEN-00414": 0.8013146462095748,
  "MGB-BEN-00428": 0.5679366107876933,
  "MGB-BEN-00431": 0.6057990438488957,
  "MGB-BEN-00434": 0.4921881357207956,
  "MGB-BEN-00437": 0.47073660663341144
}