{
  "MGB-BEN-00007": 0.06853749303199023,
  "MGB-BEN-00017": 0.04603390239924038,
  "MGB-BEN-00018": 0.20434189993684584,
  "MGB-BEN-00029": 0.030675801710674105,
  "MGB-BEN-00032": 0.11596071825396675,
  "MGB-BEN-00041": 0.09670579329612157,
  "MGB-BEN-00050": 0.24508501313237172,
  "MGB-BEN-00054": 0.2720245510940225,
  "MGB-BEN-00057": 0.20181322226037884,
  "MGB-BEN-00066": 0.12592276483513232,
  "MGB-BEN-00069": 0.060086650174007626,
  "MGB-BEN-00070": 0.28140560742914383,
  "MGB-BEN-00071": 0.334589441253186,
  "MGB-BEN-00085": 0.4455295350395727,
  "MGB-BEN-00090": 0.34510527095787247,
  "MGB-BEN-00096": 0.07585818002124355,
  "MGB-BEN-00121": 0.40356685373537454,
  "MGB-BEN-00126": 0.48047867804790706,
  "MGB-BEN-00135": 0.015663648711668324,
  "MGB-BEN-00141": 0.411110869232168,
  "MGB-BEN-00144": 0.06187598572364272,
  "MGB-BEN-00155": 0.030214587067393973,
  "MGB-BEN-00164": 0.13117322376181564,
  "MGB-BEN-00174": 0.19193278644723683,
  "MGB-BEN-00177": 0.01495708659314999,
  "MGB-BEN-00179": 0.05749327880038582,
  "MGB-BEN-00186": 0.02333076880848049,
  "MGB-BEN-00187": 0.1403362494900832,
  "MGB-BEN-00192": 0.35936414516010196,
  "MGB-BEN-00196": 0.1561048974454574,
  "MGB-BEN-00198": 0.06954174450582809,
  "MGB-BEN-00200": 0.059210250741285934,
  "MGB-BEN-00217": 0.16451646289656316,
  "MGB-BEN-00218": 0.14804719803168948,
  "MGB-BEN-00220": 0.060086650174007626,
  "MGB-BEN-00239": 0.184767510648,
  "MGB-BEN-00243": 0.42632159254749036,
  "MGB-BEN-00249": 0.06371499425196533,
  "MGB-BEN-00251": 0.09401017961657226,
  "MGB-BEN-00255": 0.1037486268663797,
  "MGB-BEN-00261": 0.07369626970604846,
  "MGB-BEN-00264": 0.18242552380635635,
  "MGB-BEN-00265": 0.0656048374590693,
  "MGB-BEN-00269": 0.040845715909949315,
  "MGB-BEN-00282": 0.05033063259747688,
  "MGB-BEN-00284": 0.13117322376181564,
  "MGB-BEN-00289": 0.11596071825396675,
  "MGB-BEN-00312": 0.06656918897050167,
  "MGB-BEN-00317": 0.10230470789265304,
  "MGB-BEN-00324": 0.05500528829345414,
  "MGB-BEN-00343": 0.24798742624020273,
  "MGB-BEN-00346": 0.30735801686526387,
  "MGB-BEN-00350": 0.07477004290796137,
  "MGB-BEN-00352": 0.31069438321455395,
  "MGB-BEN-00365": 0.05500528829345414,
  "MGB-BEN-00368": 0.7217432062975979,
  "MGB-BEN-00370": 0.05184546664977984,
  "MGB-BEN-00372": 0.09268777863937604,
  "MGB-UD-00003": 0.30735801686526387,
  "MGB-UD-00012": 0.09807932347046003,
  "MGB-UD-00016": 0.0675466911396291,
  "MGB-UD-00018": 0.31742626558767584,
  "MGB-FL-00028": 0.8459424373085146,
  "MGB-FRD-00004": 0.18010666408646395,
  "MGB-FRD-00006": 0.008445626941126032,
  "MGB-ATR-00001": 0.1561048974454574,
  "MGB-ATR-00009": 0.02931223075135632,
  "MGB-PRV-00005": 0.17106119167858438,
  "MGB-UD-00020": 0.013636835281429878,
  "MGB-UD-00024": 0.060086650174007626,
  "MGB-UD-00029": 0.005139611097568845,
  "MGB-UD-00035": 0.11920292202211755,
  "MGB-FRD-00010": 0.018546564512117298,
  "MGB-DIS-00006": 0.023689471299374428,
  "MGB-FL-00051": 0.16885695214168317,
  "MGB-DIS-00009": 0.09138210306717136,
  "MGB-FL-00058": 0.08509904500702024,
  "MGB-FL-00059": 0.11757213354550881,
  "MGB-FL-00062": 0.14414885303274058,
  "MGB-FL-00067": 0.16238003666671086,
  "MGB-FL-00071": 0.14804719803168948,
  "MGB-FL-00074": 0.9433475746920261,
  "MGB-FL-00080": 0.49609382947091957,
  "MGB-DIS-00017": 0.008847355082930384,
  "MGB-FL-00085": 0.003538086057088537,
  "MGB-UD-00038": 0.13846179056896438,
  "MGB-FL-00094": 0.31405054499180746,
  "MGB-FL-00102": 0.6959583250334526,
  "MGB-ATR-00029": 0.04813677111663481,
  "MGB-FL-00110": 0.24798742624020273,
  "MGB-FL-00112": 0.7217432062975979,
  "MGB-DIS-00019": 0.07263670636078697,
  "MGB-DIS-00021": 0.15203224162217424,
  "MGB-DIS-00024": 0.05582314113461443,
  "MGB-DIS-00026": 0.011158031248084035,
  "MGB-DIS-00028": 0.05582314113461443,
  "MGB-FL-00126": 0.6992544210587585,
  "MGB-DIS-00031": 0.42632159254749036,
  "MGB-PRV-00011": 0.9683812327313545,
  "MGB-FRD-00030": 0.2173375210470625,
  "MGB-DIS-00043": 0.025565213923269593,
  "MGB-FRD-00032": 0.13660839002621936,
  "MGB-FRD-00033": 0.015424552081841137,
  "MGB-FL-00139": 0.2538610069692489,
  "MGB-FL-00140": 0.6959583250334526,
  "MGB-FRD-00040": 0.008985428752560174,
  "MGB-UD-00043": 0.042722197546490565,
  "MGB-DIS-00051": 0.6224593312018546,
  "MGB-FRD-00041": 0.39233683016710835,
  "MGB-FRD-00046": 0.02442309005410721,
  "MGB-FL-00148": 0.17553807362342935,
  "MGB-UD-00051": 0.09670579329612157,
  "MGB-UD-00055": 0.01665704000922906,
  "MGB-UD-00056": 0.04742587317756678,
  "MGB-FL-00161": 0.7981867777396212,
  "MGB-FL-00170": 0.3311197396289915,
  "MGB-FRD-00048": 0.06853749303199023,
  "MGB-FRD-00051": 0.6261241772283034,
  "MGB-FL-00177": 0.9465966702001757,
  "MGB-FL-00179": 0.8633916099737806,
  "MGB-FL-00185": 0.6150878555160665,
  "MGB-FL-00186": 0.5312093733737563,
  "MGB-UD-00063": 0.6513548646660542,
  "MGB-UD-00064": 0.6513548646660542,
  "MGB-DIS-00065": 0.20946968133032529,
  "MGB-FL-00189": 0.12592276483513232,
  "MGB-FRD-00062": 0.11124120650754304,
  "MGB-FL-00195": 0.02442309005410721,
  "MGB-FRD-00065": 0.048857778622174906,
  "MGB-FRD-00068": 0.682573734412324,
  "MGB-UD-00082": 0.12592276483513232,
  "MGB-ATR-00047": 0.9532750413739076,
  "MGB-ATR-00049": 0.6442251064863697,
  "MGB-PRV-00013": 0.9961755163553627,
  "MGB-FRD-00089": 0.8723473746782093,
  "MGB-FRD-00095": 0.8962513731336202,
  "MGB-FRD-00097": 0.734119526900183,
  "MGB-FRD-00098": 0.9124361604769414,
  "MGB-FRD-00099": 0.8991213772699436,
  "MGB-BEN-00374": 0.07921032410902436,
  "MGB-BEN-00411": 0.11124120650754304,
  "MGB-BEN-00414": 0.09670579329612157,
  "MGB-BEN-00428": 0.05500528829345414,
  "MGB-BEN-00431": 0.04603390239924038,
  "MGB-BEN-00434": 0.0656048374590693,
  "MGB-BEN-00437": 0.07263670636078697
}