{
  "analysis": "composition_v1",
  "bootstrap": {
    "combiner": "calibrated_avg",
    "n_families": 2235,
    "redraws": 0,
    "represented": {
      "ens_minus_base": {
        "panel": {
          "ci95": [
            0.257392651833254,
            0.3570364289702895
          ],
          "lcb95": 0.2658043031543561,
          "mean": 0.3070627461647752,
          "std": 0.02512617856750263,
          "ucb95": 0.34881661352004456
        },
        "per_model": {
          "qwen25_15b": {
            "ci95": [
              0.2667911048186222,
              0.4068119568805584
            ],
            "lcb95": 0.2790173740909937,
            "mean": 0.33657516735192894,
            "std": 0.035070673389046673,
            "ucb95": 0.3945358374146188
          },
          "qwen3_4b": {
            "ci95": [
              0.05195639519214,
              0.13264666102760583
            ],
            "lcb95": 0.05707930320919247,
            "mean": 0.08814930062412711,
            "std": 0.020520821636012918,
            "ucb95": 0.1242182947319039
          },
          "smollm2_17b": {
            "ci95": [
              0.4519739102657844,
              0.5699329337730217
            ],
            "lcb95": 0.46353555156297666,
            "mean": 0.5135694370351661,
            "std": 0.02978667320393996,
            "ucb95": 0.5614401365311846
          },
          "smollm3_3b": {
            "ci95": [
              0.23074827166283665,
              0.35306950499454237
            ],
            "lcb95": 0.23967392328984502,
            "mean": 0.28995707964787865,
            "std": 0.030982728855647082,
            "ucb95": 0.3415810206209943
          }
        }
      },
      "ens_minus_sft": {
        "panel": {
          "ci95": [
            -0.02959339808189662,
            -0.009272941216755447
          ],
          "lcb95": -0.02724711871950746,
          "mean": -0.01816077103920897,
          "std": 0.005172272667478347,
          "ucb95": -0.010590994884632044
        },
        "per_model": {
          "qwen25_15b": {
            "ci95": [
              -0.03898266712014117,
              -0.00556471433649773
            ],
            "lcb95": -0.034842745329518414,
            "mean": -0.01947666369691808,
            "std": 0.008579927935567487,
            "ucb95": -0.007162836895226698
          },
          "qwen3_4b": {
            "ci95": [
              -0.028298896533126866,
              -0.0037813007992939717
            ],
            "lcb95": -0.025228604646999452,
            "mean": -0.014233986714973085,
            "std": 0.006222281059271368,
            "ucb95": -0.005245873918178225
          },
          "smollm2_17b": {
            "ci95": [
              -0.020490183575687455,
              -0.0017642156117152583
            ],
            "lcb95": -0.01808524077992483,
            "mean": -0.00989027853336053,
            "std": 0.004647996560643924,
            "ucb95": -0.00303764105987634
          },
          "smollm3_3b": {
            "ci95": [
              -0.054274407530781034,
              -0.011684579751407156
            ],
            "lcb95": -0.04914381027776962,
            "mean": -0.029042155211584174,
            "std": 0.011216968445211478,
            "ucb95": -0.013427209912664807
          }
        }
      }
    },
    "reps": 4000,
    "rng_seed": 20260712,
    "transfer": {
      "ens_minus_base": {
        "panel": {
          "ci95": [
            0.010631625577477712,
            0.03564900371118608
          ],
          "lcb95": 0.012503022823228486,
          "mean": 0.022969658483419864,
          "std": 0.006361155807211256,
          "ucb95": 0.033389701545722524
        },
        "per_model": {
          "qwen25_15b": {
            "ci95": [
              0.011722934967363846,
              0.07156250703273398
            ],
            "lcb95": 0.01545470635518803,
            "mean": 0.03974957829626879,
            "std": 0.01539149561084004,
            "ucb95": 0.06613154578618051
          },
          "qwen3_4b": {
            "ci95": [
              -0.03037465756751808,
              -0.00949804276673909
            ],
            "lcb95": -0.028296778618816715,
            "mean": -0.019035798122889348,
            "std": 0.005324135181618997,
            "ucb95": -0.010950956058949907
          },
          "smollm2_17b": {
            "ci95": [
              0.050534585555817364,
              0.1024610570486751
            ],
            "lcb95": 0.055045764171336956,
            "mean": 0.07643198770602473,
            "std": 0.012967813637904375,
            "ucb95": 0.09787275398898214
          },
          "smollm3_3b": {
            "ci95": [
              -0.013543790539335396,
              0.002741378889864073
            ],
            "lcb95": -0.01193440124444281,
            "mean": -0.005267133945724705,
            "std": 0.004095522439483919,
            "ucb95": 0.0014467321400106245
          }
        }
      },
      "ens_minus_sft": {
        "panel": {
          "ci95": [
            0.05564158410295225,
            0.09144926315981078
          ],
          "lcb95": 0.058266410597672354,
          "mean": 0.0727000841577939,
          "std": 0.009193978787135411,
          "ucb95": 0.08804439901971937
        },
        "per_model": {
          "qwen25_15b": {
            "ci95": [
              0.042857102829068364,
              0.09718759320662443
            ],
            "lcb95": 0.046505559253960584,
            "mean": 0.06961185606427284,
            "std": 0.013960881720751323,
            "ucb95": 0.09221269479539093
          },
          "qwen3_4b": {
            "ci95": [
              0.06119453668887581,
              0.10488342874992862
            ],
            "lcb95": 0.06469522597194864,
            "mean": 0.08211151616323943,
            "std": 0.011059044253033863,
            "ucb95": 0.1007504178183385
          },
          "smollm2_17b": {
            "ci95": [
              0.015186457277740614,
              0.03911319185707802
            ],
            "lcb95": 0.016543656205445196,
            "mean": 0.026001957147558905,
            "std": 0.00615795211459428,
            "ucb95": 0.03661377925680437
          },
          "smollm3_3b": {
            "ci95": [
              0.08173404396548309,
              0.1473951409466126
            ],
            "lcb95": 0.08562592572230683,
            "mean": 0.11307500725610443,
            "std": 0.017051598322116127,
            "ucb95": 0.14199131890601924
          }
        }
      }
    }
  },
  "combiner_order": [
    "base",
    "sft",
    "calibrated_avg",
    "raw_avg",
    "logit_avg",
    "max_cal",
    "pit_avg",
    "convex_blind"
  ],
  "convex_selected_w": 0.95,
  "leave_one_benchmark_out": {
    "represented": {
      "ens_minus_base_sign_stable": true,
      "ens_minus_sft_sign_stable": true,
      "full": {
        "ens_minus_base": 0.3143049348255835,
        "ens_minus_sft": -0.01836828887372144
      },
      "loo": {
        "jailbreak_classification": {
          "ens_minus_base": 0.2626567297948367,
          "ens_minus_sft": -0.018607845656571254
        },
        "prompt_injections": {
          "ens_minus_base": 0.2962510623873169,
          "ens_minus_sft": -0.015170371697428742
        },
        "toxicchat": {
          "ens_minus_base": 0.38400701229459666,
          "ens_minus_sft": -0.02132664926716421
        }
      }
    },
    "transfer": {
      "ens_minus_base_sign_stable": true,
      "ens_minus_sft_sign_stable": true,
      "full": {
        "ens_minus_base": 0.023584267044054252,
        "ens_minus_sft": 0.07391871282871865
      },
      "loo": {
        "jailbreakbench": {
          "ens_minus_base": 0.03019635072669946,
          "ens_minus_sft": 0.07309316394699827
        },
        "wildguardtest": {
          "ens_minus_base": 0.02097347137076766,