{
  "MGB-BEN-00007": 1.5779617459211416e-06,
  "MGB-BEN-00017": 1.7603432133424856e-06,
  "MGB-BEN-00018": 1.6280515470910008e-06,
  "MGB-BEN-00029": 9.422445939071362e-07,
  "MGB-BEN-00032": 1.2482708949986417e-06,
  "MGB-BEN-00041": 2.0904585994978245e-06,
  "MGB-BEN-00050": 1.9033845709532617e-06,
  "MGB-BEN-00054": 2.769405811082847e-06,
  "MGB-BEN-00057": 7.646537350121257e-06,
  "MGB-BEN-00066": 2.769405811082847e-06,
  "MGB-BEN-00069": 1.0348531401872454e-06,
  "MGB-BEN-00070": 1.0783312222985276e-05,
  "MGB-BEN-00071": 6.375547778570538e-07,
  "MGB-BEN-00085": 2.948016613843445e-06,
  "MGB-BEN-00090": 2.0904585994978245e-06,
  "MGB-BEN-00096": 1.3497025141259855e-06,
  "MGB-BEN-00121": 2.521573310786404e-06,
  "MGB-BEN-00126": 3.555984653480867e-06,
  "MGB-BEN-00135": 8.579235380478508e-07,
  "MGB-BEN-00141": 3.1875652166284775e-06,
  "MGB-BEN-00144": 3.84493505874534e-06,
  "MGB-BEN-00155": 8.99096111274288e-07,
  "MGB-BEN-00164": 1.553497754595012e-06,
  "MGB-BEN-00174": 6.85431721163334e-06,
  "MGB-BEN-00177": 6.083590367132095e-07,
  "MGB-BEN-00179": 3.041596421897927e-06,
  "MGB-BEN-00186": 1.067702870044147e-06,
  "MGB-BEN-00187": 2.0904585994978245e-06,
  "MGB-BEN-00192": 5.093705003229987e-06,
  "MGB-BEN-00196": 6.439037799292651e-06,
  "MGB-BEN-00198": 1.0511496887388008e-06,
  "MGB-BEN-00200": 2.902311985211097e-06,
  "MGB-BEN-00217": 1.4144759985825913e-06,
  "MGB-BEN-00218": 6.643433442159853e-06,
  "MGB-BEN-00220": 8.851569304133282e-07,
  "MGB-BEN-00239": 9.972941593827282e-06,
  "MGB-BEN-00243": 4.3568799834673755e-06,
  "MGB-BEN-00249": 3.966985914946731e-06,
  "MGB-BEN-00251": 4.5659700648367735e-06,
  "MGB-BEN-00255": 9.8746381146111e-07,
  "MGB-BEN-00261": 5.014734822853044e-06,
  "MGB-BEN-00264": 1.9638043643636485e-06,
  "MGB-BEN-00265": 7.690377575985982e-07,
  "MGB-BEN-00269": 3.307591629577175e-07,
  "MGB-BEN-00282": 6.577929256610509e-07,
  "MGB-BEN-00284": 5.805002643063729e-07,
  "MGB-BEN-00289": 8.851569304133282e-07,
  "MGB-BEN-00312": 1.136563710667868e-06,
  "MGB-BEN-00317": 3.2058277660857193e-07,
  "MGB-BEN-00324": 9.8746381146111e-07,
  "MGB-BEN-00343": 4.331903899346328e-05,
  "MGB-BEN-00346": 2.4682904407607285e-05,
  "MGB-BEN-00350": 9.666109404131066e-06,
  "MGB-BEN-00352": 1.7330516687400673e-06,
  "MGB-BEN-00365": 3.138146753575985e-06,
  "MGB-BEN-00368": 1.2289182723265359e-06,
  "MGB-BEN-00370": 1.136563710667868e-06,
  "MGB-BEN-00372": 2.026142080244835e-06,
  "MGB-UD-00003": 8.61465062380632e-05,
  "MGB-UD-00012": 2.332074525844782e-06,
  "MGB-UD-00016": 0.0002913700606794303,
  "MGB-UD-00018": 3.373722476473661e-05,
  "MGB-FL-00028": 3.6119830612765793e-06,
  "MGB-FRD-00004": 8.714338561413278e-07,
  "MGB-FRD-00006": 3.576359177212449e-07,
  "MGB-ATR-00001": 0.9908743626108194,
  "MGB-ATR-00009": 1.136563710667868e-06,
  "MGB-PRV-00005": 8.267873072601937e-06,
  "MGB-UD-00020": 1.136563710667868e-06,
  "MGB-UD-00024": 1.5057017254045332e-06,
  "MGB-UD-00029": 3.966985914946731e-06,
  "MGB-UD-00035": 4.637873297353725e-06,
  "MGB-FRD-00010": 4.757645425657628e-05,
  "MGB-DIS-00006": 5.2553957070746375e-06,
  "MGB-FL-00051": 2.668852957262856e-05,
  "MGB-DIS-00009": 1.994729721527057e-06,
  "MGB-FL-00058": 9.915273115920183e-05,
  "MGB-FL-00059": 2.0580491096133833e-06,
  "MGB-FL-00062": 1.7330516687400673e-06,
  "MGB-FL-00067": 4.785094494890119e-06,
  "MGB-FL-00071": 9.223470110117277e-06,
  "MGB-FL-00074": 6.748051590048605e-06,
  "MGB-FL-00080": 1.9333584585546463e-06,
  "MGB-DIS-00017": 0.00027803096387751553,
  "MGB-FL-00085": 1.529413041130223e-06,
  "MGB-UD-00038": 1.553497754595012e-06,
  "MGB-FL-00094": 6.240930669504434e-06,
  "MGB-FL-00102": 0.9924227587321393,
  "MGB-ATR-00029": 1.9333584585546463e-06,
  "MGB-FL-00110": 0.004070137715896128,
  "MGB-FL-00112": 0.00039204178923762814,
  "MGB-DIS-00019": 0.006097562192575309,
  "MGB-DIS-00021": 2.7969303025826768e-05,
  "MGB-DIS-00024": 1.7061832388634165e-06,
  "MGB-DIS-00026": 9.276364590402347e-07,
  "MGB-DIS-00028": 5.368750039367665e-07,
  "MGB-FL-00126": 3.288749065460498e-06,
  "MGB-DIS-00031": 1.3007128466476033e-05,
  "MGB-PRV-00011": 0.02194825371486785,
  "MGB-FRD-00030": 0.0006563728324346652,
  "MGB-DIS-00043": 1.3709572068578448e-06,
  "MGB-FRD-00032": 3.321419494792514e-05,
  "MGB-FRD-00033": 2.601616431687518e-06,
  "MGB-FL-00139": 6.643433442159853e-06,
  "MGB-FL-00140": 6.748051590048605e-06,
  "MGB-FRD-00040": 3.632678618877459e-07,
  "MGB-UD-00043": 1.553497754595012e-06,
  "MGB-DIS-00051": 0.02843603304485266,
  "MGB-FRD-00041": 0.0007793660930208434,
  "MGB-FRD-00046": 2.4824800371656583e-06,
  "MGB-FL-00148": 8.664653147910923e-06,
  "MGB-UD-00051": 1.2411496080609793e-05,
  "MGB-UD-00055": 2.123378462433771e-06,
  "MGB-UD-00056": 4.4254905561573985e-06,
  "MGB-FL-00161": 6.85431721163334e-06,
  "MGB-FL-00170": 8.446226776654008e-07,
  "MGB-FRD-00048": 3.76364471809744e-05,
  "MGB-FRD-00051": 0.8031737963569016,
  "MGB-FL-00177": 1.0953122821495382e-05,
  "MGB-FL-00179": 3.1875652166284775e-06,
  "MGB-FL-00185": 0.0005614787461400803,
  "MGB-FL-00186": 0.00020662982488383407,
  "MGB-UD-00063": 0.9978172835546547,
  "MGB-UD-00064": 4.331903899346328e-05,
  "MGB-DIS-00065": 1.3081765876704983e-06,
  "MGB-FL-00189": 8.80110037979258e-06,
  "MGB-FRD-00062": 3.024195853395102e-05,
  "MGB-FL-00195": 6.240930669504434e-06,
  "MGB-FRD-00065": 3.6478537675800285e-05,
  "MGB-FRD-00068": 0.4186969093556867,
  "MGB-UD-00082": 6.922183404468203e-05,
  "MGB-ATR-00047": 0.9992206339069791,
  "MGB-ATR-00049": 7.1832603998579244e-06,
  "MGB-PRV-00013": 0.9999997214728452,
  "MGB-FRD-00089": 0.9999999548855185,
  "MGB-FRD-00095": 0.9999999986269756,
  "MGB-FRD-00097": 0.9995826842393223,
  "MGB-FRD-00098": 0.9999999952819725,
  "MGB-FRD-00099": 0.9999999877623676,
  "MGB-BEN-00374": 2.857315937086711e-06,
  "MGB-BEN-00411": 3.2377619022355563e-06,
  "MGB-BEN-00414": 1.553497754595012e-06,
  "MGB-BEN-00428": 1.1544619641107913e-06,
  "MGB-BEN-00431": 5.53917236522822e-07,
  "MGB-BEN-00434": 2.3687992688864682e-06,
  "MGB-BEN-00437": 9.422445939071362e-07
}