{
  "MGB-BEN-00007": 0.8807970779778823,
  "MGB-BEN-00017": 0.8104789086703224,
  "MGB-BEN-00018": 0.9362850057480346,
  "MGB-BEN-00029": 0.060086650174007626,
  "MGB-BEN-00032": 0.24508501313237172,
  "MGB-BEN-00041": 0.7057850278370112,
  "MGB-BEN-00050": 0.9894295113796924,
  "MGB-BEN-00054": 0.9907319866190857,
  "MGB-BEN-00057": 0.9314625069680097,
  "MGB-BEN-00066": 0.26588047309981694,
  "MGB-BEN-00069": 0.9787126482065489,
  "MGB-BEN-00070": 0.9954967275829107,
  "MGB-BEN-00071": 0.9449947117065459,
  "MGB-BEN-00085": 0.9862576795040977,
  "MGB-BEN-00090": 0.9425067211996143,
  "MGB-BEN-00096": 0.9149009549929797,
  "MGB-BEN-00121": 0.9420819125605256,
  "MGB-BEN-00126": 0.983847165177859,
  "MGB-BEN-00135": 0.08210662704685086,
  "MGB-BEN-00141": 0.9433475746920261,
  "MGB-BEN-00144": 0.48828339529583464,
  "MGB-BEN-00155": 0.6150878555160665,
  "MGB-BEN-00164": 0.7577943712746406,
  "MGB-BEN-00174": 0.9453993942183476,
  "MGB-BEN-00177": 0.1602660323277607,
  "MGB-BEN-00179": 0.04742587317756678,
  "MGB-BEN-00186": 0.19436781101874467,
  "MGB-BEN-00187": 0.9921841112107114,
  "MGB-BEN-00192": 0.9975080321463846,
  "MGB-BEN-00196": 0.9867771782476948,
  "MGB-BEN-00198": 0.43014734858584286,
  "MGB-BEN-00200": 0.8723473746782093,
  "MGB-BEN-00217": 0.9706877692486436,
  "MGB-BEN-00218": 0.8175744761936437,
  "MGB-BEN-00220": 0.689305616785446,
  "MGB-BEN-00239": 0.995929862284104,
  "MGB-BEN-00243": 0.9987056319645456,
  "MGB-BEN-00249": 0.9852713861502774,
  "MGB-BEN-00251": 0.2068940488158881,
  "MGB-BEN-00255": 0.7217432062975979,
  "MGB-BEN-00261": 0.9005297861178929,
  "MGB-BEN-00264": 0.9822877012965885,
  "MGB-BEN-00265": 0.1347759174229568,
  "MGB-BEN-00269": 0.34864513533394575,
  "MGB-BEN-00282": 0.9938070098421449,
  "MGB-BEN-00284": 0.5964331462646254,
  "MGB-BEN-00289": 0.5813030906443133,
  "MGB-BEN-00312": 0.9618217257384336,
  "MGB-BEN-00317": 0.2173375210470625,
  "MGB-BEN-00324": 0.8757869916479466,
  "MGB-BEN-00343": 0.7577943712746406,
  "MGB-BEN-00346": 0.9399133498259924,
  "MGB-BEN-00350": 0.9314625069680097,
  "MGB-BEN-00352": 0.9959927110540886,
  "MGB-BEN-00365": 0.7634837635542924,
  "MGB-BEN-00368": 0.9686195704870232,
  "MGB-BEN-00370": 0.14608724704829568,
  "MGB-BEN-00372": 0.658417500561683,
  "MGB-UD-00003": 0.9921232932834126,
  "MGB-UD-00012": 0.9425067211996143,
  "MGB-UD-00016": 0.9932024684496267,
  "MGB-UD-00018": 0.9986852754323851,
  "MGB-FL-00028": 0.9984391107821522,
  "MGB-FRD-00004": 0.45713671682749474,
  "MGB-FRD-00006": 0.7279754489059775,
  "MGB-ATR-00001": 0.9343951625409306,
  "MGB-ATR-00009": 0.9086178969328287,
  "MGB-PRV-00005": 0.9975080321463846,
  "MGB-UD-00020": 0.6619228758499942,
  "MGB-UD-00024": 0.665410558746814,
  "MGB-UD-00029": 0.6297746074044134,
  "MGB-UD-00035": 0.9546474194456936,
  "MGB-FRD-00010": 0.16885695214168317,
  "MGB-DIS-00006": 0.9683812327313545,
  "MGB-FL-00051": 0.9996430293649623,
  "MGB-DIS-00009": 0.9939496023117854,
  "MGB-FL-00058": 0.9787126482065489,
  "MGB-FL-00059": 0.9742394408803315,
  "MGB-FL-00062": 0.9263037302939515,
  "MGB-FL-00067": 0.9982178036776337,
  "MGB-FL-00071": 0.9811668701095654,
  "MGB-FL-00074": 0.997765637580055,
  "MGB-FL-00080": 0.9764905475924671,
  "MGB-DIS-00017": 0.9879462204837635,
  "MGB-FL-00085": 0.9697854129326061,
  "MGB-UD-00038": 0.992710922416408,
  "MGB-FL-00094": 0.9911526449170697,
  "MGB-FL-00102": 0.9869795098861571,
  "MGB-ATR-00029": 0.7549149868676283,
  "MGB-FL-00110": 0.9865717452580314,
  "MGB-FL-00112": 0.8991213772699436,
  "MGB-DIS-00019": 0.9954967275829107,
  "MGB-DIS-00021": 0.9546474194456936,
  "MGB-DIS-00024": 0.9715639669551474,
  "MGB-DIS-00026": 0.9458012701768145,
  "MGB-DIS-00028": 0.9939496023117854,
  "MGB-FL-00126": 0.9666631758572982,
  "MGB-DIS-00031": 0.9969721649754317,
  "MGB-PRV-00011": 0.9991959140643708,
  "MGB-FRD-00030": 0.9615338079816756,
  "MGB-DIS-00043": 0.20434189993684584,
  "MGB-FRD-00032": 0.9730365001376665,
  "MGB-FRD-00033": 0.31069438321455395,
  "MGB-FL-00139": 0.7826624789529376,
  "MGB-FL-00140": 0.9852713861502774,
  "MGB-FRD-00040": 0.9658995742876885,
  "MGB-UD-00043": 0.658417500561683,
  "MGB-DIS-00051": 0.9986954933533843,
  "MGB-FRD-00041": 0.9980882306397698,
  "MGB-FRD-00046": 0.6513548646660542,
  "MGB-FL-00148": 0.9099070060380482,
  "MGB-UD-00051": 0.6370307944803831,
  "MGB-UD-00055": 0.5,
  "MGB-UD-00056": 0.8962513731336202,
  "MGB-FL-00161": 0.9874720680072551,
  "MGB-FL-00170": 0.9937100978631075,
  "MGB-FRD-00048": 0.9940428462362503,
  "MGB-FRD-00051": 0.9334308110294983,
  "MGB-FL-00177": 0.9902915235185259,
  "MGB-FL-00179": 0.998498817743263,
  "MGB-FL-00185": 0.9994557867375674,
  "MGB-FL-00186": 0.9954967275829107,
  "MGB-UD-00063": 0.9985674634052898,
  "MGB-UD-00064": 0.984810951192016,
  "MGB-DIS-00065": 0.9925393565360598,
  "MGB-FL-00189": 0.9989182847472744,
  "MGB-FRD-00062": 0.9961456361730884,
  "MGB-FL-00195": 0.9453993942183476,
  "MGB-FRD-00065": 0.5813030906443133,
  "MGB-FRD-00068": 0.9719924793940118,
  "MGB-UD-00082": 0.9943580914999767,
  "MGB-ATR-00047": 0.9983770329385311,
  "MGB-ATR-00049": 0.9947391477427643,
  "MGB-PRV-00013": 0.9999296881573309,
  "MGB-FRD-00089": 0.998451238905712,
  "MGB-FRD-00095": 0.9994252138224351,
  "MGB-FRD-00097": 0.998654139598703,
  "MGB-FRD-00098": 0.999694651067888,
  "MGB-FRD-00099": 0.9993332976907565,
  "MGB-BEN-00374": 0.8596637505099167,
  "MGB-BEN-00411": 0.7956581000631541,
  "MGB-BEN-00414": 0.7772998611746911,
  "MGB-BEN-00428": 0.8397339676722393,
  "MGB-BEN-00431": 0.8175744761936437,
  "MGB-BEN-00434": 0.7956581000631541,
  "MGB-BEN-00437": 0.2877678157610531
}