{
  "analysis_code_version": "paper_a_sft_analysis_v1",
  "analysis_mode": "precision_focused",
  "benchmarks_present": {
    "represented": [
      "toxicchat",
      "prompt_injections",
      "jailbreak_classification"
    ],
    "transfer": [
      "jailbreakbench",
      "xstest",
      "wildguardtest",
      "wildjailbreak"
    ]
  },
  "bootstrap": {
    "aggregate": {
      "represented": {
        "ci95_two_sided": [
          0.27175625164807643,
          0.37929553975517083
        ],
        "lcb95_one_sided": 0.2805015116527519,
        "mean": 0.32488157817512564,
        "p_ge_0": 1.0,
        "p_le_0": 0.0,
        "std": 0.027242849709614034,
        "ucb95_one_sided": 0.3697496018294335
      },
      "transfer": {
        "ci95_two_sided": [
          -0.07602914768052153,
          -0.024953608086686067
        ],
        "lcb95_one_sided": -0.071706831327982,
        "mean": -0.04980494119014819,
        "p_ge_0": 0.0,
        "p_le_0": 1.0,
        "std": 0.013086262029313038,
        "ucb95_one_sided": -0.028830456598702578
      }
    },
    "n_families": 2235,
    "per_checkpoint": {
      "represented": {
        "qwen25_15b": {
          "ci95_two_sided": [
            0.28326849029959944,
            0.42546166047030043
          ],
          "lcb95_one_sided": 0.2955463923911899,
          "mean": 0.35572004717203526,
          "p_ge_0": 1.0,
          "p_le_0": 0.0,
          "std": 0.036358313108533616,
          "ucb95_one_sided": 0.41441713975925687
        },
        "qwen3_4b": {
          "ci95_two_sided": [
            0.05981530696934375,
            0.1543950562685286
          ],
          "lcb95_one_sided": 0.06550354185547849,
          "mean": 0.10218212224087306,
          "p_ge_0": 1.0,
          "p_le_0": 0.0,
          "std": 0.024201458702154028,
          "ucb95_one_sided": 0.14402003819359105
        },
        "smollm2_17b": {
          "ci95_two_sided": [
            0.4610062283108541,
            0.580240005432951
          ],
          "lcb95_one_sided": 0.4719137490375069,
          "mean": 0.5232804533197668,
          "p_ge_0": 1.0,
          "p_le_0": 0.0,
          "std": 0.030271345571615486,
          "ucb95_one_sided": 0.5713719022313005
        },
        "smollm3_3b": {
          "ci95_two_sided": [
            0.25335694761679334,
            0.38517790916503364
          ],
          "lcb95_one_sided": 0.26305964620521893,
          "mean": 0.3183436899678275,
          "p_ge_0": 1.0,
          "p_le_0": 0.0,
          "std": 0.033926583731250896,
          "ucb95_one_sided": 0.3750176234336639
        }
      },
      "transfer": {
        "qwen25_15b": {
          "ci95_two_sided": [
            -0.0780897106255631,
            0.018171452246666553
          ],
          "lcb95_one_sided": -0.07036242453840061,
          "mean": -0.03020896937929572,
          "p_ge_0": 0.1159,
          "p_le_0": 0.8841,
          "std": 0.024701056050584303,
          "ucb95_one_sided": 0.010966341751030412
        },
        "qwen3_4b": {
          "ci95_two_sided": [
            -0.12923378743263042,
            -0.07528256968047707
          ],
          "lcb95_one_sided": -0.12423855523758708,
          "mean": -0.10127116203880585,
          "p_ge_0": 0.0,
          "p_le_0": 1.0,
          "std": 0.013750594203783523,
          "ucb95_one_sided": -0.07934798548375731
        },
        "smollm2_17b": {
          "ci95_two_sided": [
            0.017758327396515002,
            0.08239018414971143
          ],
          "lcb95_one_sided": 0.023429376949573723,
          "mean": 0.05046574220564188,
          "p_ge_0": 0.9985,
          "p_le_0": 0.0015,
          "std": 0.016435906116002007,
          "ucb95_one_sided": 0.07732842782705547
        },
        "smollm3_3b": {
          "ci95_two_sided": [
            -0.1561642249264125,
            -0.08288882654478495
          ],
          "lcb95_one_sided": -0.14966622349403044,
          "mean": -0.11820537554813308,
          "p_ge_0": 0.0,
          "p_le_0": 1.0,
          "std": 0.01868999008611962,
          "ucb95_one_sided": -0.08842909558629641
        }
      }
    },
    "redraws": 0,
    "rejected_fraction": 0.0,
    "reps": 10000,
    "rng_seed": 20260712
  },
  "created_utc": "2026-07-13T18:51:47.401057+00:00",
  "lock_sha256": "08c47c0459adbcdf6b51267c320320c9a7f33a5710fa7c9ecc4e72248f48ead0",
  "model_keys": [
    "qwen25_15b",
    "smollm2_17b",
    "smollm3_3b",
    "qwen3_4b"
  ],
  "n_families": 2235,
  "operating_point": {
    "represented": {
      "base_macro_fpr": 0.01721311475409836,
      "base_macro_tpr": 0.13403224861558194,
      "delta_tpr": 0.6324292605542606,
      "realized_fpr_note": "calibration-targeted; realized test FPR is reported, not assumed",
      "sft_macro_fpr": 0.01039617486338798,
      "sft_macro_tpr": 0.7664615091698426
    },
    "transfer": {
      "base_macro_fpr": 0.08337053571428571,
      "base_macro_tpr": 0.5263318452380952,
      "delta_tpr": 0.02765029761904758,
      "realized_fpr_note": "calibration-targeted; realized test FPR is reported, not assumed",
      "sft_macro_fpr": 0.13706696428571427,
      "sft_macro_tpr": 0.5539821428571428
    }
  },
  "point_estimates": {
    "aggregate": {
      "represented": 0.3326732236993049,
      "transfer": -0.05033444578466437
    },
    "per_checkpoint": {
      "represented": {
        "qwen25_15b": {
          "base": 0.6221099852129529,
          "delta": 0.365567988568555,
          "seed_deltas": {
            "42": 0.36571904741545946,
            "43": 0.36786118690607905,
            "44": 0.3652401890236696,
            "45": 0.3622269044948181,
            "46": 0.36679261500274896
          },
          "sft_by_seed": {
            "42": 0.9878290326284124,
            "43": 0.989971172119032,
            "44": 0.9873501742366225,
            "45": 0.984336889707771,
            "46": 0.9889026002157019
          },
          "sft_mean": 0.9876779737815079
        },
        "qwen3_4b": {
          "base": 0.8783098549070845,
          "delta": 0.10434800881527839,
          "seed_deltas": {
            "42": 0.10369025925010256,
            "43": 0.10849603976711608,
            "44": 0.10528599449379172,
            "45": 0.10205864820415567,
            "46": 0.10220910236122605
          },
          "sft_by_seed": {
            "42": 0.982000114157187,
            "43": 0.9868058946742005,
            "44": 0.9835958494008762,
            "45": 0.9803685031112401,
            "46": 0.9805189572683105
          },
          "sft_mean": 0.9826578637223629
        },
        "smollm2_17b": {
          "base": 0.4467323066979661,
          "delta": 0.5338715317985909,
          "seed_deltas": {
            "42": 0.5362624928319297,
            "43": 0.5331222557947091,
            "44": 0.5300693436935189,
            "45": 0.5333468747908152,
            "46": 0.5365566918819815
          },
          "sft_by_seed": {
            "42": 0.9829947995298959,
            "43": 0.9798545624926751,
            "44": 0.976801650391485,
            "45": 0.9800791814887813,
            "46": 0.9832889985799476
          },
          "sft_mean": 0.980603838496557
        },
        "smollm3_3b": {
          "base": 0.6551594635825304,
          "delta": 0.3269053656147952,
          "seed_deltas": {
            "42": 0.3282583906205677,
            "43": 0.32775636776151407,
            "44": 0.32664332174914346,
            "45": 0.3268974745403117,
            "46": 0.3249712734024386
          },
          "sft_by_seed": {
            "42": 0.9834178542030981,
            "43": 0.9829158313440445,
            "44": 0.9818027853316739,
            "45": 0.9820569381228421,
            "46": 0.980130736984969
          },
          "sft_mean": 0.9820648291973256
        }
      },
      "transfer": {
        "qwen25_15b": {
          "base": 0.8215282937157284,
          "delta": -0.03012944111805238,