{
  "estimand": "macro-AP on raw logit margin (unsafe-safe); equal-family mean; anchored to each checkpoint's own unmodified base; represented=id_test, transfer=transfer_test; within-checkpoint ensembles average raw margins (scale-comparable, shared head)",
  "source_scores": "artifacts/starting_type_adaptation_v1/scores/combined.parquet",
  "panels": {
    "all10": {
      "n_ck": 10,
      "n_fam": 6,
      "base": {
        "rep": 0.7222081512848167,
        "trans": 0.8380074981408332
      },
      "methods": {
        "sft_single": {
          "rep": 0.8957947210232802,
          "trans": 0.772982620868535,
          "drep": 0.17358656973846343,
          "dtrans": -0.06502487727229822
        },
        "kl_single": {
          "rep": 0.8596718678791576,
          "trans": 0.8218970205637096,
          "drep": 0.13746371659434087,
          "dtrans": -0.016110477577123583
        },
        "sft_seedens": {
          "rep": 0.9000453263165863,
          "trans": 0.7936513110561855,
          "drep": 0.17783717503176955,
          "dtrans": -0.044356187084647725
        },
        "kl_seedens": {
          "rep": 0.8648214850276775,
          "trans": 0.8309770204843305,
          "drep": 0.14261333374286078,
          "dtrans": -0.007030477656502665
        },
        "base_sft": {
          "rep": 0.8811880655333398,
          "trans": 0.8498369398972304,
          "drep": 0.1589799142485231,
          "dtrans": 0.011829441756397219
        },
        "base_kl": {
          "rep": 0.8138845737369484,
          "trans": 0.8457396875738787,
          "drep": 0.0916764224521317,
          "dtrans": 0.007732189433045544
        },
        "sft_kl": {
          "rep": 0.8969932362243155,
          "trans": 0.828826858243592,
          "drep": 0.17478508493949874,
          "dtrans": -0.00918063989724116
        },
        "base_sft_kl": {
          "rep": 0.8821253479417827,
          "trans": 0.8485200140678971,
          "drep": 0.1599171966569659,
          "dtrans": 0.010512515927063926
        }
      }
    },
    "excl_null": {
      "n_ck": 9,
      "n_fam": 5,
      "base": {
        "rep": 0.7760617505494658,
        "trans": 0.9056089977689998
      },
      "methods": {
        "sft_single": {
          "rep": 0.984365634235622,
          "trans": 0.827579145042242,
          "drep": 0.20830388368615615,
          "dtrans": -0.07802985272675789
        },
        "kl_single": {
          "rep": 0.9410182104626749,
          "trans": 0.8862764246764513,
          "drep": 0.16495645991320906,
          "dtrans": -0.019332573092548544
        },
        "sft_seedens": {
          "rep": 0.9894663605875893,
          "trans": 0.8523815732674226,
          "drep": 0.2134046100381235,
          "dtrans": -0.05322742450157725
        },
        "kl_seedens": {
          "rep": 0.9471977510408989,
          "trans": 0.8971724245811966,
          "drep": 0.17113600049143307,
          "dtrans": -0.00843657318780322
        },
        "base_sft": {
          "rep": 0.9668376476476936,
          "trans": 0.9198043278766764,
          "drep": 0.19077589709822784,
          "dtrans": 0.014195330107676596
        },
        "base_kl": {
          "rep": 0.886073457492024,
          "trans": 0.9148876250886545,
          "drep": 0.11001170694255824,
          "dtrans": 0.009278627319654675
        },
        "sft_kl": {
          "rep": 0.9858038524768643,
          "trans": 0.8945922298923105,
          "drep": 0.2097421019273985,
          "dtrans": -0.01101676787668937
        },
        "base_sft_kl": {
          "rep": 0.9679623865378248,
          "trans": 0.9182240168814764,
          "drep": 0.19190063598835905,
          "dtrans": 0.012615019112476533
        }
      }
    },
    "general": {
      "n_ck": 4,
      "n_fam": 2,
      "base": {
        "rep": 0.6582642996129735,
        "trans": 0.8647888909194619
      },
      "methods": {
        "sft_single": {
          "rep": 0.9820544018479849,
          "trans": 0.8159726627877275,
          "drep": 0.32379010223501137,
          "dtrans": -0.04881622813173436
        },
        "kl_single": {
          "rep": 0.9458392886441378,
          "trans": 0.8742795290352248,
          "drep": 0.2875749890311643,
          "dtrans": 0.009490638115762895
        },
        "sft_seedens": {
          "rep": 0.987894765155695,
          "trans": 0.8384321896644067,
          "drep": 0.32963046554272146,
          "dtrans": -0.02635670125505518
        },
        "kl_seedens": {
          "rep": 0.9527803350782644,
          "trans": 0.8861083209228959,
          "drep": 0.2945160354652909,
          "dtrans": 0.02131943000343406
        },
        "base_sft": {
          "rep": 0.9512183108670744,
          "trans": 0.8990173503849821,
          "drep": 0.2929540112541009,
          "dtrans": 0.03422845946552022
        },
        "base_kl": {
          "rep": 0.8434939293204718,
          "trans": 0.8940969850328082,
          "drep": 0.18522962970749834,
          "dtrans": 0.02930809411334634
        },
        "sft_kl": {
          "rep": 0.9843484502087604,
          "trans": 0.87953058601089,
          "drep": 0.3260841505957869,
          "dtrans": 0.014741695091428086
        },
        "base_sft_kl": {
          "rep": 0.9594286658615481,
          "trans": 0.9029505977687396,
          "drep": 0.30116436624857457,
          "dtrans": 0.03816170684927778
        }
      }
    },
    "purpose_built": {
      "n_ck": 6,
      "n_fam": 5,
      "base": {
        "rep": 0.7681811822995713,
        "trans": 0.841776620025181
      },
      "methods": {
        "sft_single": {
          "rep": 0.8792703510817411,
          "trans": 0.7698950839964164,
          "drep": 0.11108916878216979,
          "dtrans": -0.07188153602876468
        },
        "kl_single": {
          "rep": 0.8449816653609027,
          "trans": 0.8168381408637838,
          "drep": 0.07680048306133136,
          "dtrans": -0.024938479161397242
        },
        "sft_seedens": {
          "rep": 0.8830943226489447,
          "trans": 0.7906412080712656,
          "drep": 0.11491314034937339,
          "dtrans": -0.051135411953915466
        },
        "kl_seedens": {
          "rep": 0.8496243987605775,
          "trans": 0.8252065186897424,
          "drep": 0.08144321646100616,
          "dtrans": -0.01657010133543868
        },
        "base_sft": {
          "rep": 0.8684980532872482,
          "trans": 0.8448727042124329,
          "drep": 0.10031687098767683,
          "dtrans": 0.003096084187251824
        },
        "base_kl": {
          "rep": 0.8238137690796563,
          "trans": 0.8427333482367872,
          "drep": 0.05563258678008498,
          "dtrans": 0.0009567282116061948
        },
        "sft_kl": {
          "rep": 0.8797345523757805,
          "trans": 0.8233180636956717,
          "drep": 0.11155337007620914,
          "dtrans": -0.018458556329509324
        },
        "base_sft_kl": {
          "rep": 0.8676648722379987,
          "trans": 0.842197916152309,
          "drep": 0.09948368993842738,
          "dtrans": 0.00042129612712793474
        }
      }
    }
  }
}